"COURS_IDNO","COURS_DATA_SET_TPCD","COURS_NM","COURS_SNNM","COURS_DSCRT","COURS_CTPRV_NM","COURS_EMNDN_NM","COURS_LTNO","COURS_ARA_NM","COURS_WEBS_ADDR","COURS_TOT_LNGTH","COURS_AVRG_GRDNT","COURS_TOP_HASLV","COURS_LOWST_HASLV","COURS_UPR_LNGTH","COURS_FTL_LNGTH","COURS_DST_LNGTH","COURS_DGDFF_VAL","DATA_STCD","COURS_RQRMN_TM","DATA_RGSTN_DTM","DATA_UPDT_DTM","DATA_CONNO","OPERT_TPCD","OCCRR_DTM","CNTCT_BGN_DTM","CNTCT_PRCES_DTM","CNTCT_PRCES_STCD","TRNSA_ID"
"45041","UCHK","구기계곡~우이신설도시철도 차량기지_코스","구기계곡~우이신설도시철도 차량기지_코스","북한산국립공원 구기계곡~문수사~쉼터~쉼터~쉼터~용암사지석탑~북한대피소~용암문~백운대피소~족도리바위~북한산인수대피소~영봉~코끼리바위~우이동계곡~우이신설도시철도 차량기지","경상북도","구미시 선주원남동","NA","기타","https://www.tranggle.com/profile_other/track_view/csh1648/CERT/ALL/2019/3338814","9371.00","11.25","681.00","36.00","3.00","1.87","4.50","0","ACCEPT","0","2019-09-25 14:16:02","2019-12-17 18:00:37","45041","I","20190925141602000","20191217060000","20191217060037","S","trk_tx_191217180000003000"
"156287","UCHK","얼음골~낙가산_코스","얼음골~낙가산_코스","망산,구석산,귀석산,용정산,이티봉,천자봉,중봉,리틀봉,장노봉,선도산,국사봉,우암산,상당산,백화산,낙가산,것대산,피반령,성무봉,국수봉,관봉,인경산,선두산,백족산,대항산,구녀산,고부랑고개 (충청북도) 얼음골~것대산~낙가산","광주광역시","북구 두암1동","NA","기타","https://www.tranggle.com/profile_other/track_view/csh1648/CERT/ALL/2019/3629208","4898.00","12.49","464.00","176.00","1.60","1.80","0.90","0","ACCEPT","0","2019-09-26 17:40:19","2019-12-17 19:00:30","156287","I","20190926174019000","20191217070000","20191217070030","S","trk_tx_191217190000002001"
"197629","UCHK","동신과학고등학교~녹사래골_코스","동신과학고등학교~녹사래골_코스","질현산,매봉산,고봉산,꽃산,덤바위산,동광산,시루봉,신성봉,언애바위산,토끼봉,황태봉 (대전광역시) 동신과학고등학교~녹사래골","대구광역시","달서구 진천동","NA","기타","https://www.tranggle.com/profile_other/track_view/csh1648/CERT/ALL/2019/3763204","1905.00","3.32","159.00","116.00","0.30","1.40","0.20","0","ACCEPT","0","2019-09-27 03:14:01","2019-12-17 19:00:30","197629","I","20190927031401000","20191217070000","20191217070030","S","trk_tx_191217190000002001"
"207034","UCHK","제주키아로라리조트~고성리신양공동묘지_코스","제주키아로라리조트~고성리신양공동묘지_코스","대수산봉 (제주특별자치도) 제주키아로라리조트~고성리신양공동묘지","강원도","태백시 철암동","NA","기타","https://www.tranggle.com/profile_other/track_view/csh1648/CERT/ALL/2019/3787827","1094.00","4.57","117.00","37.00","0.50","0.59","0.00","0","ACCEPT","0","2019-09-27 04:34:16","2019-12-17 20:00:30","207034","I","20190927043416000","20191217080000","20191217080030","S","trk_tx_191217200000001002"
"235248","UCHK","효자봉~봉곡유치원_코스","효자봉~봉곡유치원_코스","성안전위봉,금오산,남봉,할딱봉,이오오봉,엄마봉,아홉산,굴등봉,황금봉,호령봉,감은산,적지봉,칼다봉,효자봉,금오산성,백운봉 (경상북도) 효자봉~엄마봉~남동고개전망대~전망대주차장~호령봉~감은산~봉곡유치원","경기도","성남시 분당구 수내2동","NA","기타","https://www.tranggle.com/profile_other/track_view/csh1648/CERT/ALL/2019/3828195","7243.00","7.47","511.00","72.00","0.90","3.24","3.10","0","ACCEPT","0","2019-09-27 11:53:45","2019-12-17 20:00:30","235248","I","20190927115345000","20191217080000","20191217080030","S","trk_tx_191217200000001002"
"311612","UCHK","신천지하이츠아파트~대구수성소방서_코스","신천지하이츠아파트~대구수성소방서_코스","두리봉,무학산,연호산 (대구광역시) 신천지하이츠아파트~무학산~수성소방서1 버스정류장~대구수성소방서","부산광역시","금정구 금성동","NA","기타","https://www.tranggle.com/profile_other/track_view/csh1648/CERT/ALL/2019/3945159","1907.00","5.95","181.00","39.00","0.40","1.00","0.50","0","ACCEPT","0","2019-09-28 05:15:45","2019-12-17 21:00:35","311612","I","20190928051545000","20191217090000","20191217090035","S","trk_tx_191217210000002003"
"312487","UCHK","광대봉~부황리 보길저수지_코스","광대봉~부황리 보길저수지_코스","망월봉,광대봉,격자봉,적자봉 (전라남도) 광대봉~격자봉~부황리 보길저수지","서울특별시","종로구 사직동","NA","기타","https://www.tranggle.com/profile_other/track_view/csh1648/CERT/ALL/2019/3942358","6389.00","8.34","411.00","58.00","1.10","2.49","2.20","0","ACCEPT","0","2019-09-28 05:24:18","2019-12-17 21:00:35","312487","I","20190928052418000","20191217090000","20191217090035","S","trk_tx_191217210000002003"
"398038","UCHK","함백산_20190101_060532","함백산_20190101_060532","새해 해맞이","강원도","태백시 문곡소도동","NA","기타","https://www.tranggle.com/profile_other/track_view/csh1648/CERT/ALL/2019/1029","2029.00","14.75","1601.00","1341.00","0.90","0.20","0.90","0","ACCEPT","0","2019-09-30 14:43:29","2019-12-17 21:00:35","398038","I","20190930144329000","20191217090000","20191217090035","S","trk_tx_191217210000002003"
"398039","UCHK","황령산_20190101_055919","황령산_20190101_055919","황령산_20190101_055919","부산광역시","부산진구 전포1동","NA","기타","https://www.tranggle.com/profile_other/track_view/csh1648/CERT/ALL/2019/2040","2387.00","10.73","459.00","62.00","1.99","0.40","0.00","0","ACCEPT","0","2019-09-30 14:43:29","2019-12-17 21:00:35","398039","I","20190930144329000","20191217090000","20191217090035","S","trk_tx_191217210000002003"
"398040","UCHK","부산광역시강서구_20181231_212556","부산광역시강서구_20181231_212556","부산광역시강서구_20181231_212556","부산광역시","강서구 명지2동","NA","기타","https://www.tranggle.com/profile_other/track_view/csh1648/CERT/ALL/2019/6089","980.00","27.22","448.00","39.00","0.10","0.60","0.20","0","ACCEPT","0","2019-09-30 14:43:31","2019-12-17 21:00:35","398040","I","20190930144331000","20191217090000","20191217090035","S","trk_tx_191217210000002003"
"398042","UCHK","경상남도거창군_20190101_054457","경상남도거창군_20190101_054457","경상남도거창군_20190101_054457","경상남도","거창군 북상면","NA","경상남도 함양군","https://www.tranggle.com/profile_other/track_view/csh1648/CERT/ALL/2019/5078","6508.00","10.16","1493.00","679.00","2.20","1.88","1.60","0","ACCEPT","0","2019-09-30 14:43:31","2019-12-17 21:00:35","398042","I","20190930144331000","20191217090000","20191217090035","S","trk_tx_191217210000002003"
"398043","UCHK","함지산_20190101_063742","함지산_20190101_063742","함지산_20190101_063742","대구광역시","북구 동천동","NA","기타","https://www.tranggle.com/profile_other/track_view/csh1648/CERT/ALL/2019/3050","5518.00","5.64","293.00","78.00","0.82","3.50","1.20","0","ACCEPT","0","2019-09-30 14:43:31","2019-12-17 21:00:35","398043","I","20190930144331000","20191217090000","20191217090035","S","trk_tx_191217210000002003"
"398044","UCHK","경상북도칠곡군_20190101_061017","경상북도칠곡군_20190101_061017","경상북도칠곡군_20190101_061017","경상북도","칠곡군 동명면","NA","기타","https://www.tranggle.com/profile_other/track_view/csh1648/CERT/ALL/2019/2041","3609.00","13.25","796.00","430.00","1.30","0.80","1.50","0","ACCEPT","0","2019-09-30 14:43:31","2019-12-17 21:00:35","398044","I","20190930144331000","20191217090000","20191217090035","S","trk_tx_191217210000002003"
"398048","UCHK","대전광역시대덕구 계족산 일출. _20190101_061205","대전광역시대덕구 계족산 일출. _20190101_061205","대전광역시대덕구 계족산 일출. _20190101_061205","대전광역시","대덕구 회덕동","NA","대전광역시 대덕구","https://www.tranggle.com/profile_other/track_view/csh1648/CERT/ALL/2019/2042","5524.00","7.58","431.00","109.00","1.40","2.52","1.60","0","ACCEPT","0","2019-09-30 14:43:33","2019-12-17 21:00:35","398048","I","20190930144333000","20191217090000","20191217090035","S","trk_tx_191217210000002003"
"398049","UCHK","태백산장군봉-태백산_20190101_042550","태백산장군봉-태백산_20190101_042550","태백산장군봉-태백산_20190101_042550","강원도","태백시 문곡소도동","NA","기타","https://www.tranggle.com/profile_other/track_view/csh1648/CERT/ALL/2019/4066","9216.00","10.68","1640.00","835.00","3.30","1.70","4.20","0","ACCEPT","0","2019-09-30 14:43:34","2019-12-17 21:00:35","398049","I","20190930144334000","20191217090000","20191217090035","S","trk_tx_191217210000002003"
"398051","UCHK","대구광역시달성군_20190101_071751","대구광역시달성군_20190101_071751","일출보기위해 올라오다.. 모암봉","대구광역시","달성군 다사읍","NA","대구광역시 달성군","https://www.tranggle.com/profile_other/track_view/csh1648/CERT/ALL/2019/2043","3830.00","6.88","191.00","34.00","0.72","1.60","1.50","0","ACCEPT","0","2019-09-30 14:43:34","2019-12-17 21:00:35","398051","I","20190930144334000","20191217090000","20191217090035","S","trk_tx_191217210000002003"
"398052","UCHK","강원도평창군_20190101_064148","강원도평창군_20190101_064148","강원도평창군_20190101_064148","강원도","평창군 대관령면","NA","기타","https://www.tranggle.com/profile_other/track_view/csh1648/CERT/ALL/2019/1032","3883.00","4.79","1022.00","857.00","1.00","2.00","0.88","0","ACCEPT","0","2019-09-30 14:43:34","2019-12-17 21:00:35","398052","I","20190930144334000","20191217090000","20191217090035","S","trk_tx_191217210000002003"
"398055","UCHK","사직공원_20181220_200149","사직공원_20181220_200149","사직공원_20181220_200149","광주광역시","남구 사직동","NA","기타","https://www.tranggle.com/profile_other/track_view/csh1648/CERT/ALL/2019/4","1322.00","1.44","123.00","93.00","0.10","1.22","0.00","0","ACCEPT","0","2019-09-30 14:43:36","2019-12-17 21:00:35","398055","I","20190930144336000","20191217090000","20191217090035","S","trk_tx_191217210000002003"
"398056","UCHK","비슬산_20190101_000026","비슬산_20190101_000026","비슬산_20190101_000026","대구광역시","달성군 가창면","NA","기타","https://www.tranggle.com/profile_other/track_view/csh1648/CERT/ALL/2019/5","1.00","0.00","1112.00","1112.00","0.00","0.00","0.00","0","ACCEPT","0","2019-09-30 14:43:36","2019-12-17 21:00:35","398056","I","20190930144336000","20191217090000","20191217090035","S","trk_tx_191217210000002003"
"398057","UCHK","대구광역시동구_20181231_185812","대구광역시동구_20181231_185812","대구광역시동구_20181231_185812","대구광역시","동구 공산동","NA","기타","https://www.tranggle.com/profile_other/track_view/csh1648/CERT/ALL/2019/6","8.00","0.00","394.00","391.00","0.00","0.01","0.00","0","ACCEPT","0","2019-09-30 14:43:36","2019-12-17 21:00:35","398057","I","20190930144336000","20191217090000","20191217090035","S","trk_tx_191217210000002003"
"398058","UCHK","성재산-계족산성산성봉_20190101_055727","성재산-계족산성산성봉_20190101_055727","성재산-계족산성산성봉_20190101_055727","대전광역시","대덕구 법2동","NA","기타","https://www.tranggle.com/profile_other/track_view/csh1648/CERT/ALL/2019/3051","8439.00","5.62","456.00","96.00","1.60","4.94","1.90","0","ACCEPT","0","2019-09-30 14:43:36","2019-12-17 21:00:35","398058","I","20190930144336000","20191217090000","20191217090035","S","trk_tx_191217210000002003"
"398059","UCHK","경기도오산시_20190101_100718","경기도오산시_20190101_100718","경기도오산시_20190101_100718","경기도","오산시 신장동","NA","기타","https://www.tranggle.com/profile_other/track_view/csh1648/CERT/ALL/2019/6092","5982.00","3.82","179.00","43.00","0.80","4.20","1.10","0","ACCEPT","0","2019-09-30 14:43:36","2019-12-17 21:00:35","398059","I","20190930144336000","20191217090000","20191217090035","S","trk_tx_191217210000002003"
"398061","UCHK","달음산_20190101_063148","달음산_20190101_063148","달음산_20190101_063148","부산광역시","기장군 정관읍","NA","기타","https://www.tranggle.com/profile_other/track_view/csh1648/CERT/ALL/2019/1034","473.00","13.92","601.00","276.00","1.19","0.30","0.00","0","ACCEPT","0","2019-09-30 14:43:36","2019-12-17 21:00:35","398061","I","20190930144336000","20191217090000","20191217090035","S","trk_tx_191217210000002003"
"398062","UCHK","대구광역시동구_20190101_063347","대구광역시동구_20190101_063347","대구광역시동구_20190101_063347","대구광역시","동구 불로.봉무동","NA","기타","https://www.tranggle.com/profile_other/track_view/csh1648/CERT/ALL/2019/2044","4909.00","6.94","354.00","72.00","1.00","2.40","1.50","0","ACCEPT","0","2019-09-30 14:43:37","2019-12-17 21:00:35","398062","I","20190930144337000","20191217090000","20191217090035","S","trk_tx_191217210000002003"
"398065","UCHK","개운산_20190101_065621","개운산_20190101_065621","개운산_20190101_065621","서울특별시","성북구 종암동","NA","기타","https://www.tranggle.com/profile_other/track_view/csh1648/CERT/ALL/2019/1035","2210.00","3.95","149.00","64.00","0.30","1.50","0.40","0","ACCEPT","0","2019-09-30 14:43:38","2019-12-17 21:00:35","398065","I","20190930144338000","20191217090000","20191217090035","S","trk_tx_191217210000002003"
"398066","UCHK","금정산","금정산","금정산","부산광역시","금정구 청룡노포동","NA","기타","https://www.tranggle.com/profile_other/track_view/csh1648/CERT/ALL/2019/4067","7927.00","8.19","836.00","289.00","2.60","3.50","1.83","0","ACCEPT","0","2019-09-30 14:43:39","2019-12-17 21:00:35","398066","I","20190930144339000","20191217090000","20191217090035","S","trk_tx_191217210000002003"
"398068","UCHK","관악산연주대-자운암국기대_20190101_061942","관악산연주대-자운암국기대_20190101_061942","관악산연주대-자운암국기대_20190101_061942","서울특별시","관악구 대학동","NA","기타","https://www.tranggle.com/profile_other/track_view/csh1648/CERT/ALL/2019/2045","3984.00","14.77","660.00","210.00","1.50","0.70","1.70","0","ACCEPT","0","2019-09-30 14:43:40","2019-12-17 21:00:35","398068","I","20190930144340000","20191217090000","20191217090035","S","trk_tx_191217210000002003"
"398070","UCHK","계양산-계양공원_20190101_071334","계양산-계양공원_20190101_071334","계양산-계양공원_20190101_071334","인천광역시","계양구 계산2동","NA","기타","https://www.tranggle.com/profile_other/track_view/csh1648/CERT/ALL/2019/3052","6779.00","6.90","414.00","42.00","1.50","3.78","1.50","0","ACCEPT","0","2019-09-30 14:43:40","2019-12-17 21:00:35","398070","I","20190930144340000","20191217090000","20191217090035","S","trk_tx_191217210000002003"
"398071","UCHK","경기도부천시원미구_20190101_065221","경기도부천시원미구_20190101_065221","경기도부천시원미구_20190101_065221","경기도","부천시 부천동","NA","기타","https://www.tranggle.com/profile_other/track_view/csh1648/CERT/ALL/2019/1037","4220.00","4.38","141.00","40.00","0.60","2.82","0.80","0","ACCEPT","0","2019-09-30 14:43:41","2019-12-17 21:00:35","398071","I","20190930144341000","20191217090000","20191217090035","S","trk_tx_191217210000002003"
"398072","UCHK","하동 금오산    청소년수련원 해맞이공원","하동 금오산    청소년수련원 해맞이공원","하동 금오산    청소년수련원 해맞이공원","경상남도","하동군 금남면","NA","기타","https://www.tranggle.com/profile_other/track_view/csh1648/CERT/ALL/2019/6094","7252.00","12.58","858.00","108.00","3.10","1.35","2.80","0","ACCEPT","0","2019-09-30 14:43:42","2019-12-17 21:00:35","398072","I","20190930144342000","20191217090000","20191217090035","S","trk_tx_191217210000002003"
"398073","UCHK","할미산-석성산_20190101_064423","할미산-석성산_20190101_064423","할미산-석성산_20190101_064423","경기도","용인시 기흥구 동백동","NA","기타","https://www.tranggle.com/profile_other/track_view/csh1648/CERT/ALL/2019/4068","6079.00","9.46","495.00","152.00","1.70","2.58","1.80","0","ACCEPT","0","2019-09-30 14:43:42","2019-12-17 21:00:35","398073","I","20190930144342000","20191217090000","20191217090035","S","trk_tx_191217210000002003"
"398075","UCHK","충청남도아산시_20181231_075736","충청남도아산시_20181231_075736","충청남도아산시_20181231_075736","충청남도","아산시 온양2동","NA","기타","https://www.tranggle.com/profile_other/track_view/csh1648/CERT/ALL/2019/1038","5817.00","5.33","200.00","61.00","1.20","3.00","1.62","0","ACCEPT","0","2019-09-30 14:43:43","2019-12-17 21:00:35","398075","I","20190930144343000","20191217090000","20191217090035","S","trk_tx_191217210000002003"
"398077","UCHK","충남_계룡산_남매탑__일출산행_20190101_055520","충남_계룡산_남매탑__일출산행_20190101_055520","충남_계룡산_남매탑__일출산행_20190101_055520","충청남도","공주시 반포면","NA","기타","https://www.tranggle.com/profile_other/track_view/csh1648/CERT/ALL/2019/3053","7552.00","7.32","630.00","185.00","1.90","4.05","1.60","0","ACCEPT","0","2019-09-30 14:43:45","2019-12-17 21:00:35","398077","I","20190930144345000","20191217090000","20191217090035","S","trk_tx_191217210000002003"
"398079","UCHK","검단산_20190101_090547","검단산_20190101_090547","검단산_20190101_090547","경기도","하남시 천현동","NA","기타","https://www.tranggle.com/profile_other/track_view/csh1648/CERT/ALL/2019/6095","6517.00","11.77","685.00","54.00","2.90","0.50","3.10","0","ACCEPT","0","2019-09-30 14:43:46","2019-12-17 21:00:35","398079","I","20190930144346000","20191217090000","20191217090035","S","trk_tx_191217210000002003"
"398082","UCHK","충청북도보은군_20190101_033745","충청북도보은군_20190101_033745","충청북도보은군_20190101_033745","충청북도","보은군 속리산면","NA","기타","https://www.tranggle.com/profile_other/track_view/csh1648/CERT/ALL/2019/5080","15471.00","8.25","1055.00","357.00","3.78","8.53","3.17","0","ACCEPT","0","2019-09-30 14:43:47","2019-12-17 21:00:35","398082","I","20190930144347000","20191217090000","20191217090035","S","trk_tx_191217210000002003"
"398083","UCHK","와룡_20190101_060052","와룡_20190101_060052","와룡_20190101_060052","서울특별시","종로구 혜화동","NA","기타","https://www.tranggle.com/profile_other/track_view/csh1648/CERT/ALL/2019/2047","4967.00","3.97","222.00","88.00","0.70","3.47","0.80","0","ACCEPT","0","2019-09-30 14:43:47","2019-12-17 21:00:35","398083","I","20190930144347000","20191217090000","20191217090035","S","trk_tx_191217210000002003"
"398084","UCHK","월라산_20190101_070437","월라산_20190101_070437","월라산_20190101_070437","충청남도","아산시 송악면","NA","기타","https://www.tranggle.com/profile_other/track_view/csh1648/CERT/ALL/2019/3055","2241.00","9.91","277.00","76.00","0.80","0.54","0.90","0","ACCEPT","0","2019-09-30 14:43:47","2019-12-17 21:00:35","398084","I","20190930144347000","20191217090000","20191217090035","S","trk_tx_191217210000002003"
"398085","UCHK","전라남도목포시_20190101_071529","전라남도목포시_20190101_071529","전라남도목포시_20190101_071529","전라남도","목포시 목원동","NA","기타","https://www.tranggle.com/profile_other/track_view/csh1648/CERT/ALL/2019/1040","2845.00","4.88","194.00","40.00","0.40","2.20","0.70","0","ACCEPT","0","2019-09-30 14:43:48","2019-12-17 21:00:35","398085","I","20190930144348000","20191217090000","20191217090035","S","trk_tx_191217210000002003"
"398086","UCHK","태백산장군봉-태백산_20190101_050005","태백산장군봉-태백산_20190101_050005","태백산장군봉-태백산_20190101_050005","강원도","태백시 문곡소도동","NA","기타","https://www.tranggle.com/profile_other/track_view/csh1648/CERT/ALL/2019/4070","8538.00","10.48","1600.00","883.00","3.30","1.30","3.90","0","ACCEPT","0","2019-09-30 14:43:48","2019-12-17 21:00:35","398086","I","20190930144348000","20191217090000","20191217090035","S","trk_tx_191217210000002003"
"398087","UCHK","함백산_20190101_055929","함백산_20190101_055929","함백산_20190101_055929","강원도","정선군 고한읍","NA","기타","https://www.tranggle.com/profile_other/track_view/csh1648/CERT/ALL/2019/1041","2257.00","14.62","1611.00","1367.00","0.80","0.76","0.70","0","ACCEPT","0","2019-09-30 14:43:49","2019-12-17 21:00:35","398087","I","20190930144349000","20191217090000","20191217090035","S","trk_tx_191217210000002003"
"398089","UCHK","경기도용인시수지구_20181231_235826","경기도용인시수지구_20181231_235826","경기도용인시수지구_20181231_235826","경기도","용인시 수지구 풍덕천1동","NA","기타","https://www.tranggle.com/profile_other/track_view/csh1648/CERT/ALL/2019/11","288.00","1.33","112.00","89.00","0.00","0.60","0.00","0","ACCEPT","0","2019-09-30 14:43:49","2019-12-17 21:00:35","398089","I","20190930144349000","20191217090000","20191217090035","S","trk_tx_191217210000002003"
"398090","UCHK","아차산_새해_20190101_070909","아차산_새해_20190101_070909","아차산_새해_20190101_070909","서울특별시","광진구 구의2동","NA","기타","https://www.tranggle.com/profile_other/track_view/csh1648/CERT/ALL/2019/3056","3463.00","6.10","198.00","25.00","0.80","1.76","0.80","0","ACCEPT","0","2019-09-30 14:43:50","2019-12-17 21:00:35","398090","I","20190930144350000","20191217090000","20191217090035","S","trk_tx_191217210000002003"
"398091","UCHK","갈립산빡빡산_20190101_064637","갈립산빡빡산_20190101_064637","갈립산빡빡산_20190101_064637","경기도","의정부시 자금동","NA","기타","https://www.tranggle.com/profile_other/track_view/csh1648/CERT/ALL/2019/2048","5010.00","7.80","382.00","13.00","1.40","2.30","1.30","0","ACCEPT","0","2019-09-30 14:43:50","2019-12-17 21:00:35","398091","I","20190930144350000","20191217090000","20191217090035","S","trk_tx_191217210000002003"
"398093","UCHK","해공신익희선생동상-남한산성_20190101_115329","해공신익희선생동상-남한산성_20190101_115329","해공신익희선생동상-남한산성_20190101_115329","경기도","광주시 남한산성면","NA","기타","https://www.tranggle.com/profile_other/track_view/csh1648/CERT/ALL/2019/6097","20.00","0.00","344.00","339.00","0.00","0.02","0.00","0","ACCEPT","0","2019-09-30 14:43:51","2019-12-17 21:00:35","398093","I","20190930144351000","20191217090000","20191217090035","S","trk_tx_191217210000002003"
"398095","UCHK","전라북도완주군_봉실산_20190101_065131","전라북도완주군_봉실산_20190101_065131","봉실봉","전라북도","완주군 봉동읍","NA","기타","https://www.tranggle.com/profile_other/track_view/csh1648/CERT/ALL/2019/2049","3499.00","8.89","345.00","101.00","0.80","1.80","0.90","0","ACCEPT","0","2019-09-30 14:43:52","2019-12-17 21:00:35","398095","I","20190930144352000","20191217090000","20191217090035","S","trk_tx_191217210000002003"
"398096","UCHK","망일봉-함지산_20190101_061851","망일봉-함지산_20190101_061851","망일봉-함지산_20190101_061851","대구광역시","북구 구암동","NA","기타","https://www.tranggle.com/profile_other/track_view/csh1648/CERT/ALL/2019/1042","5859.00","8.16","315.00","84.00","1.90","2.10","1.86","0","ACCEPT","0","2019-09-30 14:43:52","2019-12-17 21:00:35","398096","I","20190930144352000","20191217090000","20191217090035","S","trk_tx_191217210000002003"
"398097","UCHK","미타봉동봉-염불봉_20190101_053241","미타봉동봉-염불봉_20190101_053241","미타봉동봉-염불봉_20190101_053241","대구광역시","동구 공산동","NA","기타","https://www.tranggle.com/profile_other/track_view/csh1648/CERT/ALL/2019/5081","9408.00","10.10","1197.00","453.00","3.30","2.70","3.40","0","ACCEPT","0","2019-09-30 14:43:53","2019-12-17 21:00:35","398097","I","20190930144353000","20191217090000","20191217090035","S","trk_tx_191217210000002003"
"398098","UCHK","기마봉_20190101_072113","기마봉_20190101_072113","기마봉_20190101_072113","강원도","강릉시 옥계면","NA","기타","https://www.tranggle.com/profile_other/track_view/csh1648/CERT/ALL/2019/1043","3270.00","4.40","388.00","259.00","0.60","2.07","0.60","0","ACCEPT","0","2019-09-30 14:43:53","2019-12-17 21:00:35","398098","I","20190930144353000","20191217090000","20191217090035","S","trk_tx_191217210000002003"
"398100","UCHK","충청남도공주시_20181230_091329","충청남도공주시_20181230_091329","충청남도공주시_20181230_091329","충청남도","공주시 계룡면","NA","기타","https://www.tranggle.com/profile_other/track_view/csh1648/CERT/ALL/2019/12","7926.00","10.75","801.00","140.00","2.50","2.33","3.10","0","ACCEPT","0","2019-09-30 14:43:54","2019-12-17 21:00:35","398100","I","20190930144354000","20191217090000","20191217090035","S","trk_tx_191217210000002003"
"398107","UCHK","관기봉_20190101_062429","관기봉_20190101_062429","관기봉_20190101_062429","대구광역시","달성군 유가읍","NA","기타","https://www.tranggle.com/profile_other/track_view/csh1648/CERT/ALL/2019/2051","7019.00","9.43","1017.00","484.00","2.00","2.10","2.90","0","ACCEPT","0","2019-09-30 14:43:57","2019-12-17 21:00:35","398107","I","20190930144357000","20191217090000","20191217090035","S","trk_tx_191217210000002003"
"398109","UCHK","경기도부천시원미구_20190101_070654","경기도부천시원미구_20190101_070654","원미산 해돋이","경기도","부천시 부천동","NA","기타","https://www.tranggle.com/profile_other/track_view/csh1648/CERT/ALL/2019/2052","3103.00","5.39","168.00","22.00","0.70","1.70","0.70","0","ACCEPT","0","2019-09-30 14:43:59","2019-12-17 21:00:35","398109","I","20190930144359000","20191217090000","20191217090035","S","trk_tx_191217210000002003"
"398110","UCHK","울산간절곶해맞이_20190101_062558","울산간절곶해맞이_20190101_062558","울산간절곶해맞이_20190101_062558","울산광역시","울주군 서생면","NA","기타","https://www.tranggle.com/profile_other/track_view/csh1648/CERT/ALL/2019/1045","3555.00","0.40","56.00","38.00","0.10","3.40","0.00","0","ACCEPT","0","2019-09-30 14:43:59","2019-12-17 21:00:35","398110","I","20190930144359000","20191217090000","20191217090035","S","trk_tx_191217210000002003"
"398111","UCHK","지리산천왕봉_20190101_025505","지리산천왕봉_20190101_025505","지리산천왕봉_20190101_025505","경상남도","산청군 시천면","NA","기타","https://www.tranggle.com/profile_other/track_view/csh1648/CERT/ALL/2019/5082","10755.00","16.83","1944.00","594.00","4.52","1.26","4.98","0","ACCEPT","0","2019-09-30 14:43:59","2019-12-17 21:00:35","398111","I","20190930144359000","20191217090000","20191217090035","S","trk_tx_191217210000002003"
"398112","UCHK","백암봉-중봉-덕유산향적봉-실크로드상단-실크로드상단-미뉴에트-설천봉_20190101_031835","백암봉-중봉-덕유산향적봉-실크로드상단-실크로드상단-미뉴에트-설천봉_20190101_031835","백암봉-중봉-덕유산향적봉-실크로드상단-실크로드상단-미뉴에트-설천봉_20190101_031835","전라북도","무주군 안성면","NA","기타","https://www.tranggle.com/profile_other/track_view/csh1648/CERT/ALL/2019/3058","10556.00","8.49","1639.00","595.00","4.84","3.80","0.30","0","ACCEPT","0","2019-09-30 14:44:00","2019-12-17 21:00:35","398112","I","20190930144400000","20191217090000","20191217090035","S","trk_tx_191217210000002003"
"398113","UCHK","소공원-형제봉-비로봉-광교산시루봉-수리봉암봉_20190101_055731","소공원-형제봉-비로봉-광교산시루봉-수리봉암봉_20190101_055731","소공원-형제봉-비로봉-광교산시루봉-수리봉암봉_20190101_055731","경기도","용인시 수지구 성복동","NA","기타","https://www.tranggle.com/profile_other/track_view/csh1648/CERT/ALL/2019/4072","14255.00","8.30","654.00","123.00","3.12","7.72","3.41","0","ACCEPT","0","2019-09-30 14:44:00","2019-12-17 21:00:35","398113","I","20190930144400000","20191217090000","20191217090035","S","trk_tx_191217210000002003"
"398114","UCHK","삼각봉-한라산-백록담동능__관음사콧_20190101_010929","삼각봉-한라산-백록담동능__관음사콧_20190101_010929","삼각봉-한라산-백록담동능__관음사콧_20190101_010929","제주특별자치도","제주시 아라동","NA","기타","https://www.tranggle.com/profile_other/track_view/csh1648/CERT/ALL/2019/6099","17907.00","14.25","1952.00","601.00","6.92","4.93","6.06","0","ACCEPT","0","2019-09-30 14:44:01","2019-12-17 21:00:35","398114","I","20190930144401000","20191217090000","20191217090035","S","trk_tx_191217210000002003"
"398115","UCHK","장군대산_20190101_065509","장군대산_20190101_065509","장군대산_20190101_065509","경상남도","진주시 금산면","NA","기타","https://www.tranggle.com/profile_other/track_view/csh1648/CERT/ALL/2019/1046","4187.00","6.59","507.00","258.00","1.30","1.19","1.70","0","ACCEPT","0","2019-09-30 14:44:02","2019-12-17 21:00:35","398115","I","20190930144402000","20191217090000","20191217090035","S","trk_tx_191217210000002003"
"398116","UCHK","타종_20181231_152507","타종_20181231_152507","타종_20181231_152507","울산광역시","남구 달동","NA","기타","https://www.tranggle.com/profile_other/track_view/csh1648/CERT/ALL/2019/17","8646.00","0.86","75.00","14.00","0.20","8.25","0.20","0","ACCEPT","0","2019-09-30 14:44:02","2019-12-17 21:00:35","398116","I","20190930144402000","20191217090000","20191217090035","S","trk_tx_191217210000002003"
"398120","UCHK","경기도남양주시_20190101_062001","경기도남양주시_20190101_062001","경기도남양주시_20190101_062001","경기도","남양주시 화도읍","NA","경기도 남양주시","https://www.tranggle.com/profile_other/track_view/csh1648/CERT/ALL/2019/3059","7445.00","12.24","807.00","112.00","2.80","1.70","2.94","0","ACCEPT","0","2019-09-30 14:44:02","2019-12-17 21:00:35","398120","I","20190930144402000","20191217090000","20191217090035","S","trk_tx_191217210000002003"
"398121","UCHK","서울특별시종로구_20181230_124518","서울특별시종로구_20181230_124518","서울특별시종로구_20181230_124518","서울특별시","종로구 평창동","NA","기타","https://www.tranggle.com/profile_other/track_view/csh1648/CERT/ALL/2019/5083","4945.00","9.28","451.00","9.00","1.30","1.85","1.80","0","ACCEPT","0","2019-09-30 14:44:03","2019-12-17 21:00:35","398121","I","20190930144403000","20191217090000","20191217090035","S","trk_tx_191217210000002003"
"398123","UCHK","인천광역시남동구_20190101_064936","인천광역시남동구_20190101_064936","인천광역시남동구_20190101_064936","인천광역시","남동구 간석3동","NA","기타","https://www.tranggle.com/profile_other/track_view/csh1648/CERT/ALL/2019/1047","1440.00","10.63","204.00","59.00","0.40","0.74","0.30","0","ACCEPT","0","2019-09-30 14:44:03","2019-12-17 21:00:35","398123","I","20190930144403000","20191217090000","20191217090035","S","trk_tx_191217210000002003"
"398131","UCHK","상주산_20190101_103720","상주산_20190101_103720","힐링~~","인천광역시","강화군 삼산면","NA","기타","https://www.tranggle.com/profile_other/track_view/csh1648/CERT/ALL/2019/6101","3187.00","8.60","276.00","18.00","1.30","0.70","1.19","0","ACCEPT","0","2019-09-30 14:44:04","2019-12-17 21:00:35","398131","I","20190930144404000","20191217090000","20191217090035","S","trk_tx_191217210000002003"
"398132","UCHK","충청북도영동군_20190101_100829","충청북도영동군_20190101_100829","충청북도영동군_20190101_100829","충청북도","영동군 양강면","NA","기타","https://www.tranggle.com/profile_other/track_view/csh1648/CERT/ALL/2019/6102","514.00","5.67","181.00","141.00","0.10","0.30","0.20","0","ACCEPT","0","2019-09-30 14:44:05","2019-12-17 21:00:35","398132","I","20190930144405000","20191217090000","20191217090035","S","trk_tx_191217210000002003"
"398133","UCHK","충북단양군_20190101_052019","충북단양군_20190101_052019","충북단양군_20190101_052019","충청북도","단양군 가곡면","NA","기타","https://www.tranggle.com/profile_other/track_view/csh1648/CERT/ALL/2019/5085","5206.00","0.00","1453.00","452.00","0.00","0.00","0.00","0","ACCEPT","0","2019-09-30 14:44:05","2019-12-17 21:00:35","398133","I","20190930144405000","20191217090000","20191217090035","S","trk_tx_191217210000002003"
"398134","UCHK","미륵산_20190101_063927","미륵산_20190101_063927","미륵산_20190101_063927","전라북도","익산시 금마면","NA","기타","https://www.tranggle.com/profile_other/track_view/csh1648/CERT/ALL/2019/3060","6078.00","8.69","484.00","67.00","0.40","4.00","1.10","0","ACCEPT","0","2019-09-30 14:44:05","2019-12-17 21:00:35","398134","I","20190930144405000","20191217090000","20191217090035","S","trk_tx_191217210000002003"
"398136","UCHK","봉황산-금오산-금오산금오봉_20190101_034855","봉황산-금오산-금오산금오봉_20190101_034855","봉황산-금오산-금오산금오봉_20190101_034855","전라남도","여수시 돌산읍","NA","기타","https://www.tranggle.com/profile_other/track_view/csh1648/CERT/ALL/2019/2053","9750.00","7.15","470.00","40.00","2.25","5.60","1.90","0","ACCEPT","0","2019-09-30 14:44:05","2019-12-17 21:00:35","398136","I","20190930144405000","20191217090000","20191217090035","S","trk_tx_191217210000002003"
"398137","UCHK","대구광역시남구_20190101_062707","대구광역시남구_20190101_062707","대구광역시남구_20190101_062707","대구광역시","남구 봉덕2동","NA","기타","https://www.tranggle.com/profile_other/track_view/csh1648/CERT/ALL/2019/1049","2391.00","9.62","582.00","228.00","1.69","0.70","0.00","0","ACCEPT","0","2019-09-30 14:44:05","2019-12-17 21:00:35","398137","I","20190930144405000","20191217090000","20191217090035","S","trk_tx_191217210000002003"
"398139","UCHK","마두봉-향로봉_20190101_045300","마두봉-향로봉_20190101_045300","2019년 1월 1일 내연산 향로봉","경상북도","포항시 북구 죽장면","NA","기타","https://www.tranggle.com/profile_other/track_view/csh1648/CERT/ALL/2019/4074","7214.00","12.25","968.00","309.00","2.60","1.90","2.71","0","ACCEPT","0","2019-09-30 14:44:07","2019-12-17 21:00:35","398139","I","20190930144407000","20191217090000","20191217090035","S","trk_tx_191217210000002003"
"398140","UCHK","형제봉_20190101_062420","형제봉_20190101_062420","형제봉_20190101_062420","경기도","수원시 영통구 광교1동","NA","기타","https://www.tranggle.com/profile_other/track_view/csh1648/CERT/ALL/2019/2054","6182.00","9.54","507.00","121.00","1.90","1.90","2.28","0","ACCEPT","0","2019-09-30 14:44:07","2019-12-17 21:00:35","398140","I","20190930144407000","20191217090000","20191217090035","S","trk_tx_191217210000002003"
"398144","UCHK","고룡산_일출_2019_20190101_064734","고룡산_일출_2019_20190101_064734","고룡산_일출_2019_20190101_064734","충청남도","아산시 영인면","NA","기타","https://www.tranggle.com/profile_other/track_view/csh1648/CERT/ALL/2019/4075","3488.00","9.23","323.00","47.00","0.80","1.39","1.30","0","ACCEPT","0","2019-09-30 14:44:09","2019-12-17 21:00:35","398144","I","20190930144409000","20191217090000","20191217090035","S","trk_tx_191217210000002003"
"398145","UCHK","광양 가야산   시루봉 가야산","광양 가야산   시루봉 가야산","광양만 조망이 일품인 산림청 숨은명산250","전라남도","광양시 옥곡면","NA","기타","https://www.tranggle.com/profile_other/track_view/csh1648/CERT/ALL/2019/6104","5257.00","10.29","524.00","42.00","1.90","2.26","1.10","0","ACCEPT","0","2019-09-30 14:44:09","2019-12-17 21:00:35","398145","I","20190930144409000","20191217090000","20191217090035","S","trk_tx_191217210000002003"
"398146","UCHK","고산골공룡공원-산성산_20190101_061547","고산골공룡공원-산성산_20190101_061547","고산골공룡공원-산성산_20190101_061547","대구광역시","남구 봉덕2동","NA","기타","https://www.tranggle.com/profile_other/track_view/csh1648/CERT/ALL/2019/2055","6100.00","18.70","684.00","97.00","3.10","1.10","1.10","0","ACCEPT","0","2019-09-30 14:44:10","2019-12-17 21:00:35","398146","I","20190930144410000","20191217090000","20191217090035","S","trk_tx_191217210000002003"
"398150","UCHK","태백산장군봉-태백산_20190101_040204","태백산장군봉-태백산_20190101_040204","태백산장군봉-태백산_20190101_040204","강원도","태백시 문곡소도동","NA","기타","https://www.tranggle.com/profile_other/track_view/csh1648/CERT/ALL/2019/3062","8212.00","10.27","1594.00","916.00","3.00","2.50","2.70","0","ACCEPT","0","2019-09-30 14:44:12","2019-12-17 21:00:35","398150","I","20190930144412000","20191217090000","20191217090035","S","trk_tx_191217210000002003"
"398152","UCHK","소백산비로봉-삼가탐방지원센터_20190101_044850","소백산비로봉-삼가탐방지원센터_20190101_044850","소백산비로봉-삼가탐방지원센터_20190101_044850","경상북도","영주시 풍기읍","NA","기타","https://www.tranggle.com/profile_other/track_view/csh1648/CERT/ALL/2019/4076","7118.00","15.16","1469.00","613.00","3.30","0.30","3.52","0","ACCEPT","0","2019-09-30 14:44:13","2019-12-17 21:00:35","398152","I","20190930144413000","20191217090000","20191217090035","S","trk_tx_191217210000002003"
"398153","UCHK","칠보산_20190101_064114","칠보산_20190101_064114","칠보산_20190101_064114","경기도","수원시 권선구 금곡동","NA","기타","https://www.tranggle.com/profile_other/track_view/csh1648/CERT/ALL/2019/1051","4716.00","2.55","254.00","78.00","0.70","3.90","0.10","0","ACCEPT","0","2019-09-30 14:44:13","2019-12-17 21:00:35","398153","I","20190930144413000","20191217090000","20191217090035","S","trk_tx_191217210000002003"
"398154","UCHK","불곡산_20190101_065026","불곡산_20190101_065026","불곡산_20190101_065026","경기도","성남시 분당구 구미1동","NA","기타","https://www.tranggle.com/profile_other/track_view/csh1648/CERT/ALL/2019/2057","5661.00","5.95","353.00","83.00","1.20","2.66","1.70","0","ACCEPT","0","2019-09-30 14:44:14","2019-12-17 21:00:35","398154","I","20190930144414000","20191217090000","20191217090035","S","trk_tx_191217210000002003"
"398156","UCHK","아미산_20190101_070020","아미산_20190101_070020","아미산_20190101_070020","충청남도","당진시 면천면","NA","기타","https://www.tranggle.com/profile_other/track_view/csh1648/CERT/ALL/2019/1052","2437.00","11.54","373.00","129.00","0.90","0.50","1.00","0","ACCEPT","0","2019-09-30 14:44:15","2019-12-17 21:00:35","398156","I","20190930144415000","20191217090000","20191217090035","S","trk_tx_191217210000002003"
"398158","UCHK","금수봉_20190101_062826","금수봉_20190101_062826","금수봉_20190101_062826","대전광역시","유성구 진잠동","NA","대전광역시 유성구","https://www.tranggle.com/profile_other/track_view/csh1648/CERT/ALL/2019/2058","5080.00","8.83","473.00","112.00","1.20","2.68","1.20","0","ACCEPT","0","2019-09-30 14:44:15","2019-12-17 21:00:35","398158","I","20190930144415000","20191217090000","20191217090035","S","trk_tx_191217210000002003"
"398159","UCHK","함백산_20190101_060913","함백산_20190101_060913","함백산_20190101_060913","강원도","태백시 문곡소도동","NA","기타","https://www.tranggle.com/profile_other/track_view/csh1648/CERT/ALL/2019/1053","852.00","11.98","1592.00","1349.00","0.70","0.64","0.00","0","ACCEPT","0","2019-09-30 14:44:15","2019-12-17 21:00:35","398159","I","20190930144415000","20191217090000","20191217090035","S","trk_tx_191217210000002003"
"398160","UCHK","어승생악_20190101_081248","어승생악_20190101_081248","어승생악_20190101_081248","제주특별자치도","제주시 노형동","NA","기타","https://www.tranggle.com/profile_other/track_view/csh1648/CERT/ALL/2019/4077","3856.00","7.34","1197.00","949.00","0.90","1.96","1.00","0","ACCEPT","0","2019-09-30 14:44:15","2019-12-17 21:00:35","398160","I","20190930144415000","20191217090000","20191217090035","S","trk_tx_191217210000002003"
"398161","UCHK","팔룡산_20190101_091531","팔룡산_20190101_091531","팔룡산_20190101_091531","경상남도","창원시 마산회원구 양덕2동","NA","기타","https://www.tranggle.com/profile_other/track_view/csh1648/CERT/ALL/2019/5090","4445.00","8.84","364.00","16.00","1.20","1.90","1.34","0","ACCEPT","0","2019-09-30 14:44:16","2019-12-17 21:00:35","398161","I","20190930144416000","20191217090000","20191217090035","S","trk_tx_191217210000002003"
"398162","UCHK","의상봉-원효봉-금정산고당봉_20190101_050344","의상봉-원효봉-금정산고당봉_20190101_050344","의상봉-원효봉-금정산고당봉_20190101_050344","부산광역시","금정구 금성동","NA","기타","https://www.tranggle.com/profile_other/track_view/csh1648/CERT/ALL/2019/3063","3765.00","7.34","827.00","311.00","2.35","2.60","0.30","0","ACCEPT","0","2019-09-30 14:44:16","2019-12-17 21:00:35","398162","I","20190930144416000","20191217090000","20191217090035","S","trk_tx_191217210000002003"
"398163","UCHK","경기도시흥시_20190101_071301","경기도시흥시_20190101_071301","경기도시흥시_20190101_071301","경기도","시흥시 신천동","NA","기타","https://www.tranggle.com/profile_other/track_view/csh1648/CERT/ALL/2019/1054","2212.00","8.73","235.00","76.00","0.30","1.20","0.70","0","ACCEPT","0","2019-09-30 14:44:17","2019-12-17 21:00:35","398163","I","20190930144417000","20191217090000","20191217090035","S","trk_tx_191217210000002003"
"398164","UCHK","성남시_영장산_산행_2019년_1월1일_10시_20190101_101056","성남시_영장산_산행_2019년_1월1일_10시_20190101_101056","성남시_영장산_산행_2019년_1월1일_10시_20190101_101056","경기도","성남시 분당구 이매1동","NA","기타","https://www.tranggle.com/profile_other/track_view/csh1648/CERT/ALL/2019/5091","1619.00","7.56","255.00","76.00","0.20","0.50","0.90","0","ACCEPT","0","2019-09-30 14:44:17","2019-12-17 21:00:35","398164","I","20190930144417000","20191217090000","20191217090035","S","trk_tx_191217210000002003"
"398166","UCHK","일광산_20190101_064735","일광산_20190101_064735","일광산_20190101_064735","부산광역시","기장군 기장읍","NA","기타","https://www.tranggle.com/profile_other/track_view/csh1648/CERT/ALL/2019/2059","5528.00","8.88","445.00","58.00","1.70","1.73","2.10","0","ACCEPT","0","2019-09-30 14:44:19","2019-12-17 21:00:35","398166","I","20190930144419000","20191217090000","20191217090035","S","trk_tx_191217210000002003"
"398167","UCHK","국사봉-이수봉-석기봉-청계산망경대-매봉-판교제4호판교-금토산_20190101_054000","국사봉-이수봉-석기봉-청계산망경대-매봉-판교제4호판교-금토산_20190101_054000","국사봉-이수봉-석기봉-청계산망경대-매봉-판교제4호판교-금토산_20190101_054000","경기도","성남시 분당구 운중동","NA","기타","https://www.tranggle.com/profile_other/track_view/csh1648/CERT/ALL/2019/6105","15817.00","11.21","623.00","78.00","5.30","4.27","6.24","0","ACCEPT","0","2019-09-30 14:44:19","2019-12-17 21:00:35","398167","I","20190930144419000","20191217090000","20191217090035","S","trk_tx_191217210000002003"
"398170","UCHK","관악산연주대_20190101_053731","관악산연주대_20190101_053731","관악산연주대_20190101_053731","서울특별시","관악구 남현동","NA","기타","https://www.tranggle.com/profile_other/track_view/csh1648/CERT/ALL/2019/4080","919.00","4.74","664.00","100.00","0.10","0.25","0.30","0","ACCEPT","0","2019-09-30 14:44:19","2019-12-17 21:00:35","398170","I","20190930144419000","20191217090000","20191217090035","S","trk_tx_191217210000002003"
"398173","UCHK","서봉산_20190101_055206","서봉산_20190101_055206","서봉산_20190101_055206","경기도","화성시 봉담읍","NA","기타","https://www.tranggle.com/profile_other/track_view/csh1648/CERT/ALL/2019/1055","8242.00","3.69","275.00","58.00","1.00","5.84","1.40","0","ACCEPT","0","2019-09-30 14:44:22","2019-12-17 21:00:35","398173","I","20190930144422000","20191217090000","20191217090035","S","trk_tx_191217210000002003"
"398175","UCHK","서울특별시광진구_20190101_070126","서울특별시광진구_20190101_070126","서울특별시광진구_20190101_070126","서울특별시","광진구 자양1동","NA","기타","https://www.tranggle.com/profile_other/track_view/csh1648/CERT/ALL/2019/2060","5695.00","3.02","155.00","37.00","0.40","4.40","0.90","0","ACCEPT","0","2019-09-30 14:44:22","2019-12-17 21:00:35","398175","I","20190930144422000","20191217090000","20191217090035","S","trk_tx_191217210000002003"
"398176","UCHK","서울특별시도봉구_20190101_052907","서울특별시도봉구_20190101_052907","도봉산","서울특별시","도봉구 도봉1동","NA","서울특별시 도봉구","https://www.tranggle.com/profile_other/track_view/csh1648/CERT/ALL/2019/4081","8995.00","8.60","711.00","31.00","2.70","4.62","2.80","0","ACCEPT","0","2019-09-30 14:44:22","2019-12-17 21:00:35","398176","I","20190930144422000","20191217090000","20191217090035","S","trk_tx_191217210000002003"
"398177","UCHK","중봉-가지산_20190101_050526","중봉-가지산_20190101_050526","중봉-가지산_20190101_050526","경상남도","밀양시 산내면","NA","기타","https://www.tranggle.com/profile_other/track_view/csh1648/CERT/ALL/2019/3065","5964.00","13.06","1258.00","670.00","2.30","1.90","1.76","0","ACCEPT","0","2019-09-30 14:44:22","2019-12-17 21:00:35","398177","I","20190930144422000","20191217090000","20191217090035","S","trk_tx_191217210000002003"
"398179","UCHK","울산광역시북구 무룡산 일출_20190101_053629","울산광역시북구 무룡산 일출_20190101_053629","울산광역시북구 무룡산 일출_20190101_053629","울산광역시","북구 송정동","NA","울산광역시 북구","https://www.tranggle.com/profile_other/track_view/csh1648/CERT/ALL/2019/2061","7071.00","10.80","445.00","64.00","2.60","1.77","2.70","0","ACCEPT","0","2019-09-30 14:44:24","2019-12-17 21:00:35","398179","I","20190930144424000","20191217090000","20191217090035","S","trk_tx_191217210000002003"
"398180","UCHK","제주특별자치도_20190101_020959","제주특별자치도_20190101_020959","제주특별자치도_20190101_020959","제주특별자치도","제주시 조천읍","NA","제주특별자치도","https://www.tranggle.com/profile_other/track_view/csh1648/CERT/ALL/2019/6106","18144.00","13.72","1927.00","584.00","7.65","2.49","7.99","0","ACCEPT","0","2019-09-30 14:44:24","2019-12-17 21:00:35","398180","I","20190930144424000","20191217090000","20191217090035","S","trk_tx_191217210000002003"
"398182","UCHK","월악산영봉_20190101_084439","월악산영봉_20190101_084439","월악산영봉_20190101_084439","충청북도","제천시 덕산면","NA","기타","https://www.tranggle.com/profile_other/track_view/csh1648/CERT/ALL/2019/6107","6454.00","15.84","1112.00","288.00","2.40","1.55","2.50","0","ACCEPT","0","2019-09-30 14:44:26","2019-12-17 21:00:35","398182","I","20190930144426000","20191217090000","20191217090035","S","trk_tx_191217210000002003"
"398183","UCHK","관악산연주대_20190101_053833","관악산연주대_20190101_053833","관악산연주대_20190101_053833","경기도","과천시 중앙동","NA","기타","https://www.tranggle.com/profile_other/track_view/csh1648/CERT/ALL/2019/4082","7583.00","9.28","657.00","93.00","1.80","2.68","2.50","0","ACCEPT","0","2019-09-30 14:44:27","2019-12-17 21:00:35","398183","I","20190930144427000","20191217090000","20191217090035","S","trk_tx_191217210000002003"
"398185","UCHK","신불산_20190101_041812","신불산_20190101_041812","신불산_20190101_041812","울산광역시","울주군 상북면","NA","기타","https://www.tranggle.com/profile_other/track_view/csh1648/CERT/ALL/2019/5093","13486.00","11.14","1190.00","208.00","2.76","4.60","4.95","0","ACCEPT","0","2019-09-30 14:44:28","2019-12-17 21:00:35","398185","I","20190930144428000","20191217090000","20191217090035","S","trk_tx_191217210000002003"
"398186","UCHK","마니산_20190101_054129","마니산_20190101_054129","마니산_20190101_054129","인천광역시","강화군 화도면","NA","기타","https://www.tranggle.com/profile_other/track_view/csh1648/CERT/ALL/2019/2062","5606.00","6.80","484.00","138.00","1.20","3.40","1.00","0","ACCEPT","0","2019-09-30 14:44:28","2019-12-17 21:00:35","398186","I","20190930144428000","20191217090000","20191217090035","S","trk_tx_191217210000002003"
"398189","UCHK","2호근린공원도청이전-검무산_20190101_070650","2호근린공원도청이전-검무산_20190101_070650","2호근린공원도청이전-검무산_20190101_070650","경상북도","예천군 호명면","NA","기타","https://www.tranggle.com/profile_other/track_view/csh1648/CERT/ALL/2019/1058","4303.00","6.30","363.00","132.00","0.90","2.40","1.00","0","ACCEPT","0","2019-09-30 14:44:29","2019-12-17 21:00:35","398189","I","20190930144429000","20191217090000","20191217090035","S","trk_tx_191217210000002003"
"398192","UCHK","경상북도구미시_20190101_052232","경상북도구미시_20190101_052232","경상북도구미시_20190101_052232","경상북도","구미시 선주원남동","NA","기타","https://www.tranggle.com/profile_other/track_view/csh1648/CERT/ALL/2019/6109","696.00","21.76","1019.00","189.00","0.30","0.16","0.30","0","ACCEPT","0","2019-09-30 14:44:30","2019-12-17 21:00:35","398192","I","20190930144430000","20191217090000","20191217090035","S","trk_tx_191217210000002003"
"398194","UCHK","전마산_일출산행_20190101_053110","전마산_일출산행_20190101_053110","전마산_일출산행_20190101_053110","경기도","남양주시 화도읍","NA","기타","https://www.tranggle.com/profile_other/track_view/csh1648/CERT/ALL/2019/4085","4162.00","13.89","832.00","170.00","0.50","0.60","2.50","0","ACCEPT","0","2019-09-30 14:44:31","2019-12-17 21:00:35","398194","I","20190930144431000","20191217090000","20191217090035","S","trk_tx_191217210000002003"
